"0","#Segment1 - PB2"
"0","jmx_data_1_clsI <- read.csv(""dataset/JMX_SEGMENT1_CLASS1.csv"", header = FALSE, stringsAsFactors = FALSE, sep = "","")"
"0","jmx_data_1_clsI_strain <- jmx_data_1_clsI %>% select(V1,V4) %>% rename(header = V1, Epitope = V4) %>% slice(22) "
"0","jmx_data_1_clsI_strain$header[1] <- ""No Hit-No Hit-No Hit"""
"0","jmx_data_1_clsI_strain <- jmx_data_1_clsI_strain %>% separate(header, into = c(""Filename"", ""Sequence"", ""Segment""), sep = ""-"", extra = ""merge"")"
"0","#There's no hit for this segment"
"0","#Segment2 - PB1"
"0","jmx_data_2_clsI <- read.csv(""dataset/JMX_SEGMENT2_CLASS1.csv"", header = FALSE, stringsAsFactors = FALSE, sep = "","")"
"0","jmx_data_2_clsI_strain <- jmx_data_2_clsI %>% select(V1,V4) %>% rename(header = V1, Epitope = V4) %>%"
"0","  slice(24:96) "
"0","jmx_data_2_clsI_strain$header[73] <- ""No Hit-No Hit-No Hit"""
"0","jmx_data_2_clsI_strain <- jmx_data_2_clsI_strain %>% filter(!header == ""VACCINE_EPITOPES_CLASSI-NTC8684-ERNA41H-7SOJI"","
"0","                          Epitope == ""DTVNRTHQY"" | Epitope == ""QVSRPMFLY"") %>%"
"0","  separate(header, into = c(""Filename"", ""Sequence"", ""Segment""), sep = ""-"", extra = ""merge"")"
"0","#Segment3 - PA"
"0","jmx_data_3_clsI <- read.csv(""dataset/JMX_SEGMENT3_CLASS1.csv"", header = FALSE, stringsAsFactors = FALSE, sep = "","")"
"0","jmx_data_3_clsI_strain <- jmx_data_3_clsI %>% select(V1,V4) %>% rename(header = V1, Epitope = V4) %>%"
"0","  slice(22) "
"0","jmx_data_3_clsI_strain$header[1] <- ""No Hit-No Hit-No Hit"""
"0","jmx_data_3_clsI_strain <- jmx_data_3_clsI_strain %>% separate(header, into = c(""Filename"", ""Sequence"", ""Segment""), sep = ""-"", extra = ""merge"")"
"0","#There's no hit for this segment"
"0","#Segment4 - HA"
"0","jmx_data_4_clsI <- read.csv(""dataset/JMX_SEGMENT4_CLASS1.csv"", header = FALSE, stringsAsFactors = FALSE, sep = "","")"
"0","jmx_data_4_clsI_strain <- jmx_data_4_clsI %>% select(V1, V4) %>% rename(header = V1, Epitope = V4) %>%"
"0","  slice(30:512) %>% filter(!header == ""VACCINE_EPITOPES_CLASSI-NTC8684-ERNA41H-7SOJI"" ,"
"0","                           Epitope == ""RIYQILAIY"" | Epitope == ""ITIGKCPKY""|"
"0","                           Epitope == ""TSADQQSLY""| Epitope == ""SVKNGTYDY""|"
"0","                           Epitope == ""NADTLCIGY""| Epitope == ""GMVDGWYGY""|"
"0","                           Epitope == ""LSTASSWSY""| Epitope == ""GMIDGWYGY"") %>%"
"0","  separate(header, into = c(""Filename"", ""Sequence"", ""Segment""), sep = ""-"", extra = ""merge"")"
"0","#Segment5 - NP"
"0","jmx_data_5_clsI <- read.csv(""dataset/JMX_SEGMENT5_CLASS1.csv"", header = FALSE, stringsAsFactors = FALSE, sep = "","")"
"0","jmx_data_5_clsI_strain <- jmx_data_5_clsI %>% select(V1, V4) %>% rename(header = V1, Epitope = V4) %>%"
"0","  slice(c(24,26:98))"
"0","jmx_data_5_clsI_strain$header[c(1,74)] <- ""No Hit-No Hit-No Hit"""
"0","jmx_data_5_clsI_strain <- jmx_data_5_clsI_strain %>% filter(!header == ""VACCINE_EPITOPES_CLASSI-NTC8684-ERNA41H-7SOJI"","
"0","                          Epitope == ""GTEKLTITY"" | Epitope == ""CTELKLSDY"" |"
"0","                            Epitope == ""VSDGGPNLY"") %>%"
"0","  separate(header, into = c(""Filename"", ""Sequence"", ""Segment""), sep = ""-"", extra = ""merge"")"
"0","#Segment6 - NA"
"0","jmx_data_6_clsI <- read.csv(""dataset/JMX_SEGMENT6_CLASS1.csv"", header = FALSE, stringsAsFactors = FALSE, sep = "","")"
"0","jmx_data_6_clsI_strain <- jmx_data_6_clsI %>% select(V1, V4) %>% rename(header = V1, Epitope = V4) %>%"
"0","  slice(28:243) "
"0","jmx_data_6_clsI_strain$header[c(71,144:145)] <- ""No Hit-No Hit-No Hit"""
"0","jmx_data_6_clsI_strain <- jmx_data_6_clsI_strain %>% filter(!header == ""VACCINE_EPITOPES_CLASSI-NTC8684-ERNA41H-7SOJI"","
"0","                           Epitope == ""EMNAPNYHY"" | Epitope == ""DTVHDRTPY"" |"
"0","                             Epitope == ""GTIKDRSPY"" | Epitope == ""EICPKLAEY"" | "
"0","                             Epitope == ""KSCINRCFY"" | Epitope == ""ELDAPNYHY"") %>%"
"0","  separate(header, into = c(""Filename"", ""Sequence"", ""Segment""), sep = ""-"", extra = ""merge"")"
"0","#Segment7 - M"
"0","jmx_data_7_clsI <- read.csv(""dataset/JMX_SEGMENT7_CLASS1.csv"", header = FALSE, stringsAsFactors = FALSE, sep = "","")"
"0","jmx_data_7_clsI_strain <- jmx_data_7_clsI %>% select(V1, V4) %>% rename(header = V1, Epitope = V4) %>%"
"0","  slice(29:386) "
"0","jmx_data_7_clsI_strain$header[c(212,358)] <- ""No Hit-No Hit-No Hit"""
"0","jmx_data_7_clsI_strain <- jmx_data_7_clsI_strain %>% filter(!header == ""VACCINE_EPITOPES_CLASSI-NTC8684-ERNA41H-7SOJI"","
"0","                           Epitope == ""SLLTEVETY"" | Epitope == ""LASCMGLIY"" |"
"0","                             Epitope == ""LTEVETYVL"" | Epitope == ""GAKEVALSY"" |"
"0","                             Epitope == ""DLLENLQAY"" | Epitope == ""NTDLEALME"" |"
"0","                             Epitope == ""NMDKAVKLY"") %>%"
"0","  separate(header, into = c(""Filename"", ""Sequence"", ""Segment""), sep = ""-"", extra = ""merge"")"
"0","#Segment8 - NS"
"0","#There's no peptide sequences hit for NS"
